Class,Object,Vertex Count
AircraftBuoyant,m1337.obj,201
AircraftBuoyant,m1338.obj,8761
AircraftBuoyant,m1339.obj,1878
AircraftBuoyant,m1340.obj,778
AircraftBuoyant,m1341.obj,425
AircraftBuoyant,m1342.obj,1252
AircraftBuoyant,m1343.obj,178
AircraftBuoyant,m1344.obj,1093
AircraftBuoyant,m1345.obj,3174
AircraftBuoyant,m1346.obj,742
AircraftBuoyant,m1347.obj,3055
AircraftBuoyant,m1348.obj,795
AircraftBuoyant,m1349.obj,432
AircraftBuoyant,m1350.obj,1097
AircraftBuoyant,m1351.obj,12987
AircraftBuoyant,m1352.obj,3298
Apartment,D00045.obj,14865
Apartment,D00086.obj,20493
Apartment,D00138.obj,10827
Apartment,D00156.obj,12732
Apartment,D00310.obj,14464
Apartment,D00348.obj,2006
Apartment,D00366.obj,1294
Apartment,D00478.obj,19857
Apartment,D00496.obj,7737
Apartment,D00626.obj,73184
Apartment,D00639.obj,4849
Apartment,D00651.obj,12732
Apartment,D00681.obj,13823
Apartment,D00780.obj,8240
Apartment,D00792.obj,1327
Apartment,D00859.obj,1378
Apartment,D00860.obj,19857
Apartment,D00869.obj,4930
Apartment,D00921.obj,12842
Apartment,D00953.obj,4158
Apartment,m463.obj,2022
Apartment,m464.obj,8301
Apartment,m465.obj,2335
AquaticAnimal,m53.obj,18409
AquaticAnimal,m54.obj,18143
AquaticAnimal,m55.obj,19505
AquaticAnimal,m56.obj,5814
AquaticAnimal,m57.obj,18878
AquaticAnimal,m58.obj,477
AquaticAnimal,m59.obj,44
AquaticAnimal,m60.obj,1606
AquaticAnimal,m61.obj,216
AquaticAnimal,m62.obj,241
AquaticAnimal,m63.obj,1112
AquaticAnimal,m64.obj,247
AquaticAnimal,m65.obj,1004
AquaticAnimal,m66.obj,4117
AquaticAnimal,m67.obj,14000
AquaticAnimal,m68.obj,553
AquaticAnimal,m69.obj,317
AquaticAnimal,m70.obj,320
AquaticAnimal,m71.obj,420
AquaticAnimal,m72.obj,331
AquaticAnimal,m73.obj,285
AquaticAnimal,m74.obj,162
AquaticAnimal,m75.obj,298
AquaticAnimal,m76.obj,1583
AquaticAnimal,m77.obj,11578
AquaticAnimal,m78.obj,468
AquaticAnimal,m79.obj,166
AquaticAnimal,m80.obj,1104
AquaticAnimal,m81.obj,857
Bed,D00031.obj,1867
Bed,D00110.obj,1926
Bed,D00121.obj,15368
Bed,D00184.obj,7218
Bed,D00210.obj,22063
Bed,D00213.obj,2277
Bed,D00217.obj,3238
Bed,D00307.obj,2644
Bed,D00322.obj,9342
Bed,D00417.obj,12808
Bed,D00538.obj,7136
Bed,D00545.obj,415
Bed,D00552.obj,6349
Bed,D00565.obj,826
Bed,D00650.obj,3752
Bed,D00735.obj,453
Bed,D00836.obj,1563
Bed,D00839.obj,16364
Bed,D00969.obj,13151
Bed,D00988.obj,768
Bed,m945.obj,8116
Bed,m946.obj,449
Bed,m947.obj,441
Bed,m948.obj,4597
Bed,m949.obj,706
Bed,m950.obj,437
Bed,m951.obj,363
Bicycle,D00016.obj,2769
Bicycle,D00033.obj,2192
Bicycle,D00040.obj,25426
Bicycle,D00077.obj,16416
Bicycle,D00078.obj,22674
Bicycle,D00462.obj,56754
Bicycle,D00514.obj,6951
Bicycle,D00536.obj,30832
Bicycle,D00555.obj,34364
Bicycle,D00558.obj,19417
Bicycle,D00567.obj,436
Bicycle,D00621.obj,2769
Bicycle,D00708.obj,22495
Bicycle,D00750.obj,3053
Bicycle,D00838.obj,23397
Bicycle,D00847.obj,22672
Bicycle,D00904.obj,5354
Bicycle,D00930.obj,29173
Bicycle,D00931.obj,32603
Bicycle,D00974.obj,6045
Bicycle,m1472.obj,524
Bicycle,m1473.obj,2192
Bicycle,m1475.obj,6049
Bicycle,m1476.obj,436
Bicycle,m1477.obj,22682
Bicycle,m1478.obj,2769
Biplane,D00069.obj,3242
Biplane,D00132.obj,287
Biplane,D00178.obj,10942
Biplane,D00199.obj,2584
Biplane,D00246.obj,14082
Biplane,D00276.obj,567
Biplane,D00277.obj,22427
Biplane,D00320.obj,9723
Biplane,D00373.obj,5941
Biplane,D00410.obj,2167
Biplane,D00490.obj,24998
Biplane,D00515.obj,5381
Biplane,D00601.obj,18086
Biplane,D00616.obj,20306
Biplane,D00632.obj,624
Biplane,D00634.obj,48973
Biplane,D00666.obj,469
Biplane,D00854.obj,18966
Biplane,D00890.obj,45079
Biplane,D00900.obj,27750
Biplane,m1118.obj,10676
Biplane,m1119.obj,863
Biplane,m1120.obj,65722
Biplane,m1121.obj,1062
Biplane,m1122.obj,6704
Biplane,m1123.obj,1015
Biplane,m1124.obj,390
Biplane,m1125.obj,434
Biplane,m1126.obj,770
Biplane,m1127.obj,354
Biplane,m1128.obj,718
Biplane,m1129.obj,3351
Biplane,m1131.obj,482
Biplane,m1132.obj,882
Biplane,m1133.obj,624
Biplane,m1134.obj,338
Biplane,m1135.obj,264
Biplane,m1136.obj,904
Biplane,m1137.obj,408
Biplane,m1138.obj,2050
Biplane,m1139.obj,2920
Biplane,m1141.obj,11819
Biplane,m1143.obj,3336
Biplane,m1144.obj,3627
Biplane,m1146.obj,1700
Bird,D00089.obj,233
Bird,D00113.obj,15871
Bird,D00164.obj,8188
Bird,D00234.obj,1247
Bird,D00271.obj,12813
Bird,D00284.obj,13253
Bird,D00323.obj,260
Bird,D00386.obj,1751
Bird,D00438.obj,1824
Bird,D00442.obj,9745
Bird,D00546.obj,1162
Bird,D00599.obj,1792
Bird,D00625.obj,1091
Bird,D00689.obj,2683
Bird,D00736.obj,3947
Bird,D00762.obj,950
Bird,D00862.obj,757
Bird,D00922.obj,903
Bird,D00961.obj,1344
Bird,D00999.obj,373
Bird,m28.obj,6076
Bird,m29.obj,2972
Bird,m30.obj,390
Bird,m31.obj,1802
Bird,m32.obj,1129
Bird,m33.obj,3144
Bird,m34.obj,233
Bird,m35.obj,699
Bird,m36.obj,1289
Bird,m37.obj,567
Bird,m38.obj,464
Bird,m39.obj,649
Bird,m40.obj,2684
Bird,m41.obj,1824
Bird,m42.obj,116
Bird,m43.obj,41
Bird,m44.obj,401
Bird,m45.obj,16542
Bird,m47.obj,101
Bird,m48.obj,427
Bird,m49.obj,2329
Bird,m50.obj,93
Bird,m51.obj,309
Bird,m52.obj,294
Bookset,D01009.obj,444
Bookset,D01013.obj,320
Bookset,D01030.obj,208
Bookset,D01038.obj,2208
Bookset,D01042.obj,668
Bookset,D01050.obj,140
Bookset,D01065.obj,360
Bookset,D01078.obj,1203
Bookset,D01096.obj,624
Bookset,D01108.obj,1628
Bookset,D01109.obj,1203
Bookset,D01110.obj,166
Bookset,D01122.obj,110
Bookset,D01135.obj,1645
Bookset,D01146.obj,2694
Bookset,D01182.obj,188
Bookset,D01183.obj,891
Bookset,D01184.obj,247
Bookset,D01190.obj,2417
Bookset,D01199.obj,240
Bottle,D00020.obj,971
Bottle,D00123.obj,1067
Bottle,D00139.obj,2452
Bottle,D00166.obj,23142
Bottle,D00176.obj,7138
Bottle,D00208.obj,2000
Bottle,D00281.obj,1304
Bottle,D00311.obj,829
Bottle,D00347.obj,2426
Bottle,D00350.obj,569
Bottle,D00390.obj,1499
Bottle,D00451.obj,11448
Bottle,D00679.obj,12640
Bottle,D00696.obj,13754
Bottle,D00711.obj,192
Bottle,D00716.obj,446
Bottle,D00726.obj,10163
Bottle,D00892.obj,2474
Bottle,D00940.obj,737
Bottle,D00959.obj,479
Bottle,m482.obj,542
Bottle,m483.obj,371
Bottle,m484.obj,460
Bottle,m485.obj,526
Bottle,m486.obj,2101
Bottle,m487.obj,133
Bottle,m488.obj,144
Bottle,m489.obj,558
Bottle,m490.obj,574
Bottle,m491.obj,544
Bottle,m492.obj,360
BuildingNonResidential,m382.obj,252
BuildingNonResidential,m383.obj,2328
BuildingNonResidential,m384.obj,2984
BuildingNonResidential,m385.obj,674
BuildingNonResidential,m386.obj,532
BuildingNonResidential,m387.obj,844
BuildingNonResidential,m389.obj,2509
BuildingNonResidential,m390.obj,40
BuildingNonResidential,m391.obj,246
BuildingNonResidential,m392.obj,33
BuildingNonResidential,m393.obj,241
BuildingNonResidential,m394.obj,750
BuildingNonResidential,m395.obj,630
BuildingNonResidential,m396.obj,445
BuildingNonResidential,m397.obj,1362
BuildingNonResidential,m398.obj,498
BuildingNonResidential,m399.obj,7530
BuildingNonResidential,m400.obj,488
BuildingNonResidential,m401.obj,6936
BuildingNonResidential,m402.obj,21288
BuildingNonResidential,m404.obj,1054
BuildingNonResidential,m405.obj,21009
BuildingNonResidential,m406.obj,7328
BuildingNonResidential,m407.obj,229
BuildingNonResidential,m408.obj,1252
BuildingNonResidential,m409.obj,1509
BuildingNonResidential,m410.obj,1217
BuildingNonResidential,m412.obj,1990
BuildingNonResidential,m413.obj,3749
BuildingNonResidential,m414.obj,1056
BuildingNonResidential,m415.obj,508
BuildingNonResidential,m416.obj,7056
BuildingNonResidential,m418.obj,1576
BuildingNonResidential,m420.obj,7226
BuildingNonResidential,m421.obj,6853
BuildingNonResidential,m470.obj,14464
BuildingNonResidential,m471.obj,118
BuildingNonResidential,m472.obj,358
BuildingNonResidential,m474.obj,1361
BuildingNonResidential,m475.obj,112
BuildingNonResidential,m477.obj,1047
BuildingNonResidential,m478.obj,1750
BuildingNonResidential,m479.obj,648
BuildingNonResidential,m481.obj,473
Bus,D00084.obj,12919
Bus,D00114.obj,7643
Bus,D00151.obj,9415
Bus,D00179.obj,5976
Bus,D00182.obj,13436
Bus,D00264.obj,11096
Bus,D00411.obj,4964
Bus,D00436.obj,4587
Bus,D00446.obj,4915
Bus,D00448.obj,7367
Bus,D00483.obj,6097
Bus,D00516.obj,4096
Bus,D00677.obj,11974
Bus,D00754.obj,8866
Bus,D00769.obj,8963
Bus,D00775.obj,9510
Bus,D00815.obj,7075
Bus,D00823.obj,7367
Bus,D00832.obj,3155
Bus,D00857.obj,5223
Car,D00168.obj,4999
Car,D00236.obj,26709
Car,D00260.obj,38335
Car,D00265.obj,4960
Car,D00299.obj,23527
Car,D00377.obj,8260
Car,D00405.obj,62279
Car,D00452.obj,25495
Car,D00504.obj,5153
Car,D00541.obj,2956
Car,D00618.obj,3506
Car,D00670.obj,4978
Car,D00671.obj,29817
Car,D00724.obj,17676
Car,D00767.obj,13728
Car,D00785.obj,7248
Car,D00793.obj,5322
Car,D00803.obj,25807
Car,D00865.obj,15085
Car,D00976.obj,18122
Car,m1485.obj,6148
Car,m1486.obj,5911
Car,m1487.obj,7454
Car,m1488.obj,4952
Car,m1489.obj,1684
Car,m1490.obj,2868
Car,m1492.obj,5914
Car,m1495.obj,6870
Car,m1496.obj,8404
Car,m1497.obj,3655
Car,m1498.obj,5514
Car,m1499.obj,15465
Car,m1500.obj,1644
Car,m1502.obj,4970
Car,m1503.obj,24786
Car,m1504.obj,1621
Car,m1505.obj,10969
Car,m1506.obj,4284
Car,m1507.obj,6514
Car,m1508.obj,4336
Car,m1509.obj,47558
Car,m1510.obj,54710
Car,m1511.obj,10828
Car,m1512.obj,6816
Car,m1513.obj,13106
Car,m1514.obj,18662
Car,m1515.obj,250
Car,m1516.obj,12279
Car,m1517.obj,3956
Car,m1518.obj,7486
Car,m1519.obj,4275
Car,m1521.obj,308
Car,m1522.obj,2676
Car,m1523.obj,1830
Car,m1524.obj,1517
Car,m1525.obj,10545
Car,m1526.obj,320
Car,m1527.obj,7315
Car,m1528.obj,18656
Car,m1529.obj,4168
Car,m1530.obj,1268
Car,m1531.obj,2170
Car,m1532.obj,132
Car,m1533.obj,7374
Car,m1535.obj,15178
Car,m1536.obj,1503
Car,m1538.obj,1830
Car,m1539.obj,8254
Car,m1540.obj,8492
Car,m1542.obj,4384
Car,m1543.obj,386
Car,m1544.obj,60326
Car,m1545.obj,8278
Car,m1546.obj,9068
Car,m1547.obj,249
Car,m1548.obj,8278
Car,m1550.obj,9369
Car,m1551.obj,18528
Car,m1552.obj,5247
Car,m1553.obj,1239
Car,m1555.obj,16607
Car,m1556.obj,35131
Car,m1557.obj,8489
Car,m1558.obj,6943
Car,m1559.obj,15606
Car,m1560.obj,21686
Car,m1561.obj,332
Car,m1562.obj,12016
Car,m1563.obj,616
Cellphone,D00018.obj,14103
Cellphone,D00032.obj,3500
Cellphone,D00079.obj,20212
Cellphone,D00152.obj,44041
Cellphone,D00192.obj,1230
Cellphone,D00248.obj,5754
Cellphone,D00312.obj,1012
Cellphone,D00327.obj,6318
Cellphone,D00362.obj,29805
Cellphone,D00369.obj,926
Cellphone,D00440.obj,763
Cellphone,D00527.obj,8796
Cellphone,D00542.obj,16185
Cellphone,D00554.obj,14822
Cellphone,D00559.obj,3120
Cellphone,D00817.obj,5206
Cellphone,D00848.obj,9745
Cellphone,D00902.obj,2408
Cellphone,D00979.obj,3120
Cellphone,D00997.obj,4796
Chess,D01017.obj,380
Chess,D01019.obj,416
Chess,D01021.obj,1474
Chess,D01043.obj,389
Chess,D01045.obj,1542
Chess,D01049.obj,214
Chess,D01053.obj,89
Chess,D01080.obj,250
Chess,D01081.obj,6727
Chess,D01099.obj,2386
Chess,D01105.obj,282
Chess,D01112.obj,1182
Chess,D01123.obj,390
Chess,D01126.obj,802
Chess,D01130.obj,1282
Chess,D01138.obj,416
Chess,D01145.obj,390
Chess,D01171.obj,4002
Chess,D01186.obj,154
Chess,D01188.obj,242
Chess,m1589.obj,3782
Chess,m1591.obj,7339
Chess,m1593.obj,25650
Chess,m1595.obj,60671
Chess,m1596.obj,16803
Chess,m1598.obj,1182
Chess,m1599.obj,250
Chess,m1600.obj,416
Chess,m1601.obj,6727
Chess,m1602.obj,1542
Chess,m1603.obj,389
Chess,m1604.obj,214
Chess,m1605.obj,89
Chess,m1606.obj,2386
Chess,m1607.obj,802
Chess,m1608.obj,242
Chess,m1609.obj,154
Chess,m1610.obj,6094
Chess,m1611.obj,1474
Chess,m1612.obj,1282
Chess,m1613.obj,282
Chess,m1614.obj,390
City,D01001.obj,6645
City,D01007.obj,3163
City,D01010.obj,1049
City,D01018.obj,6529
City,D01039.obj,1344
City,D01056.obj,1638
City,D01066.obj,9894
City,D01068.obj,5538
City,D01079.obj,9201
City,D01090.obj,7089
City,D01091.obj,1321
City,D01092.obj,1380
City,D01101.obj,26070
City,D01103.obj,2274
City,D01124.obj,5211
City,D01133.obj,5804
City,D01173.obj,2341
City,D01181.obj,5137
City,D01192.obj,14752
City,D01195.obj,16857
City,m1652.obj,2274
City,m1654.obj,5538
City,m1659.obj,5804
City,m1660.obj,2341
City,m1661.obj,1344
City,m1662.obj,9201
City,m1664.obj,1049
ClassicPiano,D00005.obj,626
ClassicPiano,D00009.obj,2027
ClassicPiano,D00034.obj,1611
ClassicPiano,D00092.obj,5901
ClassicPiano,D00120.obj,231
ClassicPiano,D00190.obj,1572
ClassicPiano,D00233.obj,5205
ClassicPiano,D00254.obj,1335
ClassicPiano,D00279.obj,7253
ClassicPiano,D00305.obj,1711
ClassicPiano,D00314.obj,6800
ClassicPiano,D00561.obj,1826
ClassicPiano,D00579.obj,2369
ClassicPiano,D00605.obj,8121
ClassicPiano,D00784.obj,5131
ClassicPiano,D00789.obj,3136
ClassicPiano,D00811.obj,615
ClassicPiano,D00845.obj,750
ClassicPiano,D00967.obj,4279
ClassicPiano,D00983.obj,204
Computer,D01002.obj,2591
Computer,D01023.obj,11463
Computer,D01026.obj,396
Computer,D01028.obj,2503
Computer,D01033.obj,2986
Computer,D01037.obj,135
Computer,D01067.obj,5026
Computer,D01070.obj,3935
Computer,D01071.obj,29
Computer,D01072.obj,325
Computer,D01073.obj,4638
Computer,D01082.obj,4269
Computer,D01085.obj,46
Computer,D01098.obj,668
Computer,D01100.obj,2986
Computer,D01102.obj,28
Computer,D01115.obj,8163
Computer,D01128.obj,17301
Computer,D01164.obj,2674
Computer,D01185.obj,270
Computer,m1764.obj,668
Computer,m1765.obj,28
Computer,m1766.obj,29
Computer,m1767.obj,2591
Computer,m1769.obj,46
Computer,m1770.obj,2986
Computer,m1772.obj,17301
Computer,m1773.obj,2503
Computer,m1774.obj,284
Computer,m1775.obj,396
Computer,m1776.obj,270
Computer,m1777.obj,325
Computer,m1778.obj,5026
ComputerKeyboard,D00116.obj,805
ComputerKeyboard,D00127.obj,706
ComputerKeyboard,D00197.obj,6987
ComputerKeyboard,D00278.obj,1043
ComputerKeyboard,D00360.obj,6193
ComputerKeyboard,D00382.obj,8346
ComputerKeyboard,D00420.obj,11072
ComputerKeyboard,D00493.obj,1300
ComputerKeyboard,D00525.obj,8309
ComputerKeyboard,D00569.obj,348
ComputerKeyboard,D00597.obj,8460
ComputerKeyboard,D00600.obj,1837
ComputerKeyboard,D00627.obj,6564
ComputerKeyboard,D00654.obj,1179
ComputerKeyboard,D00673.obj,1002
ComputerKeyboard,D00676.obj,7956
ComputerKeyboard,D00692.obj,4176
ComputerKeyboard,D00805.obj,6954
ComputerKeyboard,D00905.obj,1282
ComputerKeyboard,D00990.obj,1646
Cup,D00035.obj,235
Cup,D00067.obj,353
Cup,D00174.obj,12252
Cup,D00206.obj,2092
Cup,D00214.obj,395
Cup,D00270.obj,2687
Cup,D00328.obj,2827
Cup,D00355.obj,7114
Cup,D00363.obj,5433
Cup,D00457.obj,10872
Cup,D00463.obj,4710
Cup,D00519.obj,856
Cup,D00550.obj,13747
Cup,D00587.obj,7102
Cup,D00638.obj,6786
Cup,D00642.obj,1686
Cup,D00738.obj,10318
Cup,D00843.obj,9127
Cup,D00874.obj,2296
Cup,D00882.obj,1553
Cup,m494.obj,770
Cup,m495.obj,1401
Cup,m496.obj,502
Cup,m497.obj,3008
Cup,m498.obj,380
Cup,m499.obj,339
Cup,m500.obj,71
Cup,m501.obj,1072
Cup,m502.obj,752
Cup,m526.obj,120
DeskLamp,D00048.obj,4189
DeskLamp,D00090.obj,6516
DeskLamp,D00147.obj,503
DeskLamp,D00257.obj,2208
DeskLamp,D00268.obj,1868
DeskLamp,D00330.obj,13579
DeskLamp,D00378.obj,69
DeskLamp,D00435.obj,2252
DeskLamp,D00455.obj,7627
DeskLamp,D00531.obj,2300
DeskLamp,D00547.obj,22837
DeskLamp,D00686.obj,3558
DeskLamp,D00693.obj,655
DeskLamp,D00698.obj,615
DeskLamp,D00715.obj,1964
DeskLamp,D00744.obj,21616
DeskLamp,D00759.obj,5982
DeskLamp,D00776.obj,1001
DeskLamp,D00797.obj,14960
DeskLamp,D00912.obj,10656
DeskLamp,m603.obj,166
DeskLamp,m604.obj,1316
DeskLamp,m605.obj,531
DeskLamp,m606.obj,87
DeskLamp,m608.obj,699
DeskLamp,m609.obj,1137
DeskLamp,m611.obj,87
DeskLamp,m613.obj,136
DeskLamp,m614.obj,336
DeskLamp,m615.obj,2689
DeskLamp,m616.obj,14129
DeskPhone,D00118.obj,12443
DeskPhone,D00135.obj,531
DeskPhone,D00154.obj,17247
DeskPhone,D00220.obj,3924
DeskPhone,D00316.obj,48093
DeskPhone,D00318.obj,4313
DeskPhone,D00403.obj,27361
DeskPhone,D00486.obj,1699
DeskPhone,D00511.obj,31349
DeskPhone,D00556.obj,586
DeskPhone,D00576.obj,13619
DeskPhone,D00680.obj,820
DeskPhone,D00706.obj,44937
DeskPhone,D00773.obj,23711
DeskPhone,D00829.obj,3870
DeskPhone,D00894.obj,880
DeskPhone,D00897.obj,27510
DeskPhone,D00899.obj,39872
DeskPhone,D00957.obj,14677
DeskPhone,D00958.obj,11731
Door,D01005.obj,6044
Door,D01029.obj,456
Door,D01052.obj,676
Door,D01058.obj,858
Door,D01062.obj,128
Door,D01076.obj,1724
Door,D01104.obj,871
Door,D01114.obj,1336
Door,D01121.obj,16
Door,D01129.obj,2695
Door,D01136.obj,716
Door,D01139.obj,31
Door,D01141.obj,2447
Door,D01143.obj,48
Door,D01144.obj,68
Door,D01155.obj,128
Door,D01158.obj,716
Door,D01167.obj,124
Door,D01177.obj,88
Door,D01194.obj,18
Door,m1707.obj,456
Door,m1708.obj,16
Door,m1710.obj,522
Door,m1711.obj,68
Door,m1712.obj,1724
Door,m1713.obj,6044
Door,m1714.obj,871
Door,m1715.obj,676
Door,m1716.obj,2447
Door,m1717.obj,858
Door,m1718.obj,2695
Door,m1720.obj,716
Door,m1721.obj,716
Door,m1722.obj,1336
Door,m1723.obj,128
Door,m1724.obj,124
Door,m1725.obj,3232
Door,m1726.obj,128
Door,m1727.obj,3724
Door,m1728.obj,2018
Door,m1729.obj,336
Door,m1730.obj,336
Door,m1731.obj,1974
Door,m1732.obj,300
Drum,D00026.obj,5506
Drum,D00063.obj,1800
Drum,D00115.obj,36
Drum,D00163.obj,8433
Drum,D00189.obj,651
Drum,D00193.obj,1800
Drum,D00297.obj,5561
Drum,D00298.obj,1609
Drum,D00308.obj,168
Drum,D00375.obj,4790
Drum,D00383.obj,360
Drum,D00404.obj,1296
Drum,D00551.obj,240
Drum,D00557.obj,444
Drum,D00596.obj,169
Drum,D00709.obj,102
Drum,D00939.obj,5390
Drum,D00951.obj,7993
Drum,D00980.obj,5653
Drum,D00982.obj,1835
Fish,D00012.obj,4240
Fish,D00022.obj,3912
Fish,D00024.obj,3952
Fish,D00030.obj,3760
Fish,D00142.obj,3048
Fish,D00165.obj,4264
Fish,D00251.obj,4006
Fish,D00293.obj,4072
Fish,D00351.obj,3206
Fish,D00398.obj,3820
Fish,D00450.obj,3784
Fish,D00535.obj,3934
Fish,D00633.obj,3712
Fish,D00636.obj,3374
Fish,D00643.obj,3928
Fish,D00682.obj,3980
Fish,D00748.obj,5046
Fish,D00763.obj,4122
Fish,D00850.obj,4382
Fish,D00950.obj,3427
FloorLamp,D00028.obj,871
FloorLamp,D00093.obj,3756
FloorLamp,D00186.obj,7694
FloorLamp,D00211.obj,5097
FloorLamp,D00228.obj,1322
FloorLamp,D00388.obj,3767
FloorLamp,D00400.obj,14213
FloorLamp,D00408.obj,4018
FloorLamp,D00447.obj,4911
FloorLamp,D00495.obj,4282
FloorLamp,D00563.obj,11136
FloorLamp,D00580.obj,39647
FloorLamp,D00740.obj,1128
FloorLamp,D00856.obj,3339
FloorLamp,D00875.obj,15152
FloorLamp,D00876.obj,14464
FloorLamp,D00888.obj,1819
FloorLamp,D00924.obj,17626
FloorLamp,D00955.obj,8300
FloorLamp,D00981.obj,454
FloorLamp,m617.obj,4440
FloorLamp,m618.obj,1622
FloorLamp,m619.obj,361
FloorLamp,m620.obj,5584
FloorLamp,m621.obj,778
FloorLamp,m622.obj,54
FloorLamp,m623.obj,78
FloorLamp,m624.obj,46
Glasses,D00050.obj,6852
Glasses,D00201.obj,6519
Glasses,D00225.obj,1524
Glasses,D00432.obj,408
Glasses,D00475.obj,1566
Glasses,D00507.obj,6852
Glasses,D00560.obj,4230
Glasses,D00575.obj,17472
Glasses,D00630.obj,3019
Glasses,D00640.obj,13986
Glasses,D00656.obj,220
Glasses,D00660.obj,10770
Glasses,D00717.obj,1836
Glasses,D00730.obj,3334
Glasses,D00813.obj,696
Glasses,D00816.obj,15752
Glasses,D00877.obj,2864
Glasses,D00883.obj,2804
Glasses,D00937.obj,312
Glasses,D00994.obj,2199
Guitar,D00023.obj,3655
Guitar,D00041.obj,28373
Guitar,D00076.obj,8889
Guitar,D00097.obj,270
Guitar,D00124.obj,2013
Guitar,D00222.obj,1068
Guitar,D00232.obj,7781
Guitar,D00335.obj,32795
Guitar,D00374.obj,1491
Guitar,D00414.obj,947
Guitar,D00416.obj,4694
Guitar,D00461.obj,8636
Guitar,D00464.obj,3016
Guitar,D00494.obj,32748
Guitar,D00534.obj,1864
Guitar,D00549.obj,10340
Guitar,D00645.obj,1033
Guitar,D00655.obj,8251
Guitar,D00844.obj,9253
Guitar,D00849.obj,29495
Gun,D00103.obj,1931
Gun,D00137.obj,5308
Gun,D00140.obj,4462
Gun,D00153.obj,364
Gun,D00161.obj,302
Gun,D00204.obj,5558
Gun,D00207.obj,16366
Gun,D00209.obj,6826
Gun,D00239.obj,2121
Gun,D00244.obj,299
Gun,D00282.obj,3835
Gun,D00368.obj,4651
Gun,D00425.obj,10850
Gun,D00477.obj,2147
Gun,D00606.obj,3338
Gun,D00802.obj,300
Gun,D00819.obj,17257
Gun,D00826.obj,11855
Gun,D00929.obj,1026
Gun,D00972.obj,28870
Gun,m648.obj,1238
Gun,m649.obj,1094
Gun,m650.obj,1460
Gun,m651.obj,91
Gun,m652.obj,4950
Gun,m653.obj,2162
Gun,m654.obj,1064
Gun,m655.obj,364
Gun,m656.obj,15763
Gun,m657.obj,18283
Gun,m658.obj,293
Gun,m659.obj,1181
Gun,m660.obj,1085
Gun,m661.obj,370
Gun,m662.obj,460
Gun,m663.obj,502
Gun,m664.obj,4651
Gun,m665.obj,1847
Gun,m666.obj,13440
Gun,m667.obj,767
Gun,m668.obj,1414
Gun,m669.obj,1070
Gun,m670.obj,3285
Gun,m671.obj,1190
Gun,m672.obj,140
Gun,m674.obj,7722
Gun,m675.obj,438
Gun,m676.obj,485
Gun,m677.obj,3330
Gun,m678.obj,1305
Gun,m679.obj,2003
Gun,m680.obj,2823
Gun,m681.obj,630
Gun,m682.obj,550
Gun,m683.obj,502
Gun,m684.obj,27919
Gun,m685.obj,280
Gun,m686.obj,879
Hand,D01006.obj,7929
Hand,D01020.obj,8524
Hand,D01022.obj,799
Hand,D01024.obj,114
Hand,D01041.obj,1546
Hand,D01060.obj,1521
Hand,D01074.obj,421
Hand,D01093.obj,8471
Hand,D01097.obj,6191
Hand,D01106.obj,2248
Hand,D01117.obj,6038
Hand,D01118.obj,1557
Hand,D01153.obj,25001
Hand,D01162.obj,1198
Hand,D01170.obj,1547
Hand,D01172.obj,43386
Hand,D01193.obj,386
Hand,D01197.obj,7112
Hand,D01198.obj,1925
Hand,D01200.obj,7314
Hand,m323.obj,43386
Hand,m324.obj,25001
Hand,m325.obj,1546
Hand,m326.obj,1521
Hand,m327.obj,386
Hand,m328.obj,6038
Hand,m329.obj,6191
Hand,m330.obj,799
Hand,m331.obj,421
Hand,m332.obj,1198
Hand,m333.obj,1023
Hand,m334.obj,114
Hand,m335.obj,7929
Hand,m336.obj,1557
Hand,m337.obj,1925
Hand,m338.obj,1547
Hand,m339.obj,2248
Hat,m1627.obj,1009
Hat,m1628.obj,958
Hat,m1629.obj,2388
Hat,m1630.obj,562
Hat,m1631.obj,2064
Hat,m1632.obj,1264
Hat,m1633.obj,1400
Hat,m1634.obj,5814
Hat,m1635.obj,5092
Hat,m1636.obj,426
Hat,m1637.obj,1002
Hat,m1638.obj,8815
Hat,m1639.obj,2029
Hat,m1640.obj,1002
Hat,m1641.obj,1256
Helicopter,D00038.obj,13309
Helicopter,D00191.obj,4498
Helicopter,D00361.obj,27062
Helicopter,D00397.obj,5567
Helicopter,D00423.obj,1362
Helicopter,D00470.obj,496
Helicopter,D00471.obj,10985
Helicopter,D00473.obj,5823
Helicopter,D00498.obj,2133
Helicopter,D00500.obj,9980
Helicopter,D00502.obj,3716
Helicopter,D00644.obj,35044
Helicopter,D00658.obj,2770
Helicopter,D00751.obj,17617
Helicopter,D00796.obj,222
Helicopter,D00820.obj,2929
Helicopter,D00868.obj,748
Helicopter,D00977.obj,5681
Helicopter,D00986.obj,1176
Helicopter,D00991.obj,1988
Helicopter,m1302.obj,1058
Helicopter,m1304.obj,1066
Helicopter,m1305.obj,7105
Helicopter,m1306.obj,8547
Helicopter,m1307.obj,18454
Helicopter,m1308.obj,58392
Helicopter,m1309.obj,2046
Helicopter,m1310.obj,1362
Helicopter,m1311.obj,1006
Helicopter,m1312.obj,222
Helicopter,m1313.obj,1610
Helicopter,m1314.obj,1644
Helicopter,m1315.obj,510
Helicopter,m1316.obj,396
Helicopter,m1317.obj,1176
Helicopter,m1318.obj,1162
Helicopter,m1319.obj,598
Helicopter,m1320.obj,7818
Helicopter,m1321.obj,2752
Helicopter,m1322.obj,675
Helicopter,m1323.obj,6136
Helicopter,m1325.obj,1545
Helicopter,m1326.obj,1545
Helicopter,m1327.obj,7851
Helicopter,m1328.obj,3218
Helicopter,m1329.obj,665
Helicopter,m1330.obj,294
Helicopter,m1332.obj,496
Helicopter,m1333.obj,439
Helicopter,m1334.obj,267
Helicopter,m1336.obj,1201
House,D00001.obj,46622
House,D00044.obj,10202
House,D00091.obj,617
House,D00095.obj,3375
House,D00286.obj,28479
House,D00325.obj,10373
House,D00359.obj,35522
House,D00389.obj,27493
House,D00415.obj,25185
House,D00454.obj,6044
House,D00568.obj,2852
House,D00574.obj,15615
House,D00665.obj,1216
House,D00873.obj,6380
House,D00889.obj,2050
House,D00901.obj,17257
House,D00903.obj,28137
House,D00941.obj,8511
House,D00946.obj,7423
House,D00965.obj,1752
House,m423.obj,35
House,m429.obj,14312
House,m430.obj,1686
House,m431.obj,966
House,m432.obj,722
House,m433.obj,2380
House,m434.obj,22
House,m435.obj,119
House,m436.obj,220
House,m439.obj,356
House,m440.obj,411
House,m441.obj,2086
House,m443.obj,284
House,m446.obj,20624
House,m447.obj,1455
House,m448.obj,762
House,m449.obj,221
House,m451.obj,905
House,m452.obj,2557
House,m453.obj,2385
House,m454.obj,200
House,m456.obj,607
House,m457.obj,284
House,m460.obj,4748
House,m461.obj,816
House,m462.obj,25
HumanHead,D00013.obj,5244
HumanHead,D00061.obj,5119
HumanHead,D00072.obj,5284
HumanHead,D00106.obj,5276
HumanHead,D00131.obj,5161
HumanHead,D00205.obj,1394
HumanHead,D00313.obj,6146
HumanHead,D00434.obj,4296
HumanHead,D00487.obj,3224
HumanHead,D00488.obj,6211
HumanHead,D00566.obj,1919
HumanHead,D00578.obj,7968
HumanHead,D00591.obj,5167
HumanHead,D00610.obj,4503
HumanHead,D00629.obj,3490
HumanHead,D00653.obj,2885
HumanHead,D00690.obj,5253
HumanHead,D00758.obj,959
HumanHead,D00910.obj,3258
HumanHead,D00984.obj,2319
HumanHead,m340.obj,1426
HumanHead,m341.obj,1884
HumanHead,m342.obj,1543
HumanHead,m343.obj,1984
HumanHead,m344.obj,1996
HumanHead,m345.obj,2687
HumanHead,m346.obj,484
HumanHead,m347.obj,906
HumanHead,m348.obj,9166
HumanHead,m349.obj,26749
HumanHead,m350.obj,2034
HumanHead,m351.obj,882
HumanHead,m352.obj,664
HumanHead,m353.obj,7896
HumanHead,m354.obj,216
HumanHead,m355.obj,17358
HumanHead,m356.obj,692
HumanHead,m357.obj,193
HumanHead,m358.obj,1173
HumanHead,m359.obj,314
HumanHead,m360.obj,270
HumanHead,m361.obj,295
HumanHead,m362.obj,186
HumanHead,m363.obj,1884
HumanHead,m364.obj,263
HumanHead,m365.obj,17666
HumanHead,m366.obj,3009
HumanHead,m367.obj,977
HumanHead,m368.obj,2991
HumanHead,m369.obj,9843
HumanHead,m370.obj,5641
Humanoid,m118.obj,472
Humanoid,m119.obj,450
Humanoid,m120.obj,467
Humanoid,m121.obj,471
Humanoid,m122.obj,443
Humanoid,m123.obj,474
Humanoid,m124.obj,473
Humanoid,m125.obj,1250
Humanoid,m126.obj,577
Humanoid,m128.obj,458
Humanoid,m129.obj,1871
Humanoid,m130.obj,1025
Humanoid,m131.obj,2012
Humanoid,m132.obj,2537
Humanoid,m133.obj,2344
Humanoid,m134.obj,1962
Humanoid,m135.obj,498
Humanoid,m136.obj,469
Humanoid,m137.obj,1636
Humanoid,m138.obj,7401
Humanoid,m139.obj,12180
Humanoid,m140.obj,9061
Humanoid,m141.obj,2012
Humanoid,m143.obj,5647
Humanoid,m144.obj,676
Humanoid,m145.obj,12758
Humanoid,m146.obj,2244
Humanoid,m147.obj,4677
Humanoid,m148.obj,3964
Humanoid,m149.obj,17342
Humanoid,m150.obj,2001
Humanoid,m151.obj,2996
Humanoid,m152.obj,10694
Humanoid,m153.obj,10333
Humanoid,m154.obj,445
Humanoid,m155.obj,1290
Humanoid,m156.obj,16776
Humanoid,m157.obj,747
Humanoid,m158.obj,521
Humanoid,m159.obj,533
Humanoid,m160.obj,894
Humanoid,m161.obj,495
Humanoid,m162.obj,3581
Humanoid,m163.obj,120
Humanoid,m164.obj,728
Humanoid,m165.obj,506
Humanoid,m166.obj,476
Humanoid,m167.obj,435
Humanoid,m168.obj,2640
Humanoid,m169.obj,1059
Humanoid,m170.obj,16052
Humanoid,m171.obj,614
Humanoid,m172.obj,745
Humanoid,m173.obj,1003
Humanoid,m174.obj,1196
Humanoid,m175.obj,660
Humanoid,m176.obj,708
Humanoid,m177.obj,116
Humanoid,m178.obj,14603
Humanoid,m179.obj,10735
Humanoid,m180.obj,15088
Humanoid,m181.obj,8520
Humanoid,m182.obj,11090
Humanoid,m183.obj,3618
Humanoid,m184.obj,441
Humanoid,m185.obj,493
Humanoid,m186.obj,375
Humanoid,m187.obj,1618
Humanoid,m188.obj,1863
Humanoid,m189.obj,309
Humanoid,m190.obj,1022
Humanoid,m191.obj,124
Humanoid,m192.obj,450
Humanoid,m193.obj,8622
Humanoid,m194.obj,2244
Humanoid,m195.obj,22608
Humanoid,m196.obj,4049
Humanoid,m197.obj,2010
Humanoid,m198.obj,4657
Humanoid,m199.obj,6540
Humanoid,m202.obj,148
Humanoid,m203.obj,477
Humanoid,m204.obj,1224
Humanoid,m205.obj,662
Humanoid,m206.obj,3109
Humanoid,m207.obj,3238
Humanoid,m208.obj,349
Humanoid,m210.obj,210
Humanoid,m211.obj,2640
Humanoid,m212.obj,1290
Humanoid,m213.obj,409
Humanoid,m214.obj,1739
Humanoid,m215.obj,689
Humanoid,m216.obj,9272
Humanoid,m217.obj,955
Humanoid,m218.obj,947
Humanoid,m219.obj,178
Humanoid,m220.obj,12911
Humanoid,m221.obj,10576
Humanoid,m222.obj,17639
Humanoid,m223.obj,10473
Humanoid,m224.obj,9660
Humanoid,m226.obj,6368
Humanoid,m227.obj,7015
Humanoid,m228.obj,15201
Humanoid,m229.obj,18153
Humanoid,m230.obj,14796
Humanoid,m231.obj,13022
Humanoid,m232.obj,429
Humanoid,m233.obj,747
Humanoid,m234.obj,529
Humanoid,m235.obj,408
Humanoid,m236.obj,2841
Humanoid,m237.obj,480
Humanoid,m238.obj,559
Humanoid,m239.obj,551
Humanoid,m240.obj,716
Humanoid,m241.obj,589
Humanoid,m242.obj,598
Humanoid,m243.obj,568
Humanoid,m244.obj,540
Humanoid,m245.obj,574
Humanoid,m246.obj,583
Humanoid,m248.obj,518
Humanoid,m249.obj,7970
Humanoid,m250.obj,10589
Humanoid,m251.obj,8077
Humanoid,m252.obj,9698
Humanoid,m253.obj,11806
Humanoid,m254.obj,16082
Humanoid,m255.obj,16870
Humanoid,m256.obj,7303
Humanoid,m257.obj,372
Humanoid,m258.obj,12410
Humanoid,m259.obj,402
Humanoid,m260.obj,1068
Humanoid,m261.obj,481
Humanoid,m262.obj,470
Humanoid,m263.obj,478
Humanoid,m264.obj,8798
Humanoid,m265.obj,16267
Humanoid,m266.obj,1092
Insect,D00081.obj,313
Insect,D00082.obj,7162
Insect,D00102.obj,2572
Insect,D00109.obj,3288
Insect,D00117.obj,5090
Insect,D00136.obj,1384
Insect,D00160.obj,253
Insect,D00180.obj,2572
Insect,D00231.obj,312
Insect,D00291.obj,296
Insect,D00294.obj,2056
Insect,D00309.obj,1551
Insect,D00315.obj,314
Insect,D00333.obj,6007
Insect,D00399.obj,2763
Insect,D00430.obj,23399
Insect,D00510.obj,329
Insect,D00590.obj,1430
Insect,D00615.obj,2546
Insect,D00662.obj,24324
Insect,D00668.obj,15305
Insect,D00672.obj,3334
Insect,D00695.obj,790
Insect,D00713.obj,1728
Insect,D00732.obj,12603
Insect,D00734.obj,1588
Insect,D00746.obj,4250
Insect,D00752.obj,12528
Insect,D00753.obj,10092
Insect,D00774.obj,1548
Insect,D00786.obj,2859
Insect,D00787.obj,562
Insect,D00788.obj,6175
Insect,D00806.obj,309
Insect,D00814.obj,1362
Insect,D00855.obj,299
Insect,D00884.obj,24324
Insect,D00895.obj,4173
Insect,D00973.obj,7638
Insect,D00989.obj,313
Insect,m0.obj,298
Insect,m1.obj,255
Insect,m10.obj,1362
Insect,m11.obj,368
Insect,m12.obj,278
Insect,m13.obj,491
Insect,m14.obj,891
Insect,m15.obj,368
Insect,m16.obj,2666
Insect,m17.obj,1548
Insect,m18.obj,4250
Insect,m19.obj,3339
Insect,m2.obj,3495
Insect,m20.obj,1624
Insect,m21.obj,346
Insect,m22.obj,333
Insect,m23.obj,462
Insect,m24.obj,163
Insect,m25.obj,1249
Insect,m26.obj,5266
Insect,m3.obj,486
Insect,m4.obj,4346
Insect,m6.obj,9184
Insect,m7.obj,265
Insect,m8.obj,423
Insect,m9.obj,557
Jet,m1147.obj,1149
Jet,m1149.obj,3003
Jet,m1150.obj,622
Jet,m1151.obj,858
Jet,m1152.obj,3726
Jet,m1153.obj,743
Jet,m1154.obj,520
Jet,m1155.obj,3680
Jet,m1156.obj,1335
Jet,m1157.obj,1264
Jet,m1158.obj,336
Jet,m1159.obj,3726
Jet,m1161.obj,1486
Jet,m1162.obj,2960
Jet,m1163.obj,1014
Jet,m1165.obj,448
Jet,m1166.obj,349
Jet,m1167.obj,2838
Jet,m1168.obj,500
Jet,m1169.obj,1198
Jet,m1171.obj,3110
Jet,m1172.obj,1965
Jet,m1173.obj,2572
Jet,m1174.obj,281
Jet,m1175.obj,2344
Jet,m1176.obj,213
Jet,m1177.obj,507
Jet,m1178.obj,258
Jet,m1179.obj,1203
Jet,m1180.obj,531
Jet,m1181.obj,412
Jet,m1182.obj,179
Jet,m1183.obj,520
Jet,m1184.obj,182
Jet,m1185.obj,152
Jet,m1187.obj,299
Jet,m1188.obj,279
Jet,m1190.obj,142
Jet,m1191.obj,1295
Jet,m1193.obj,1020
Jet,m1194.obj,757
Jet,m1195.obj,340
Jet,m1196.obj,523
Jet,m1197.obj,235
Jet,m1198.obj,224
Jet,m1199.obj,602
Jet,m1200.obj,197
Jet,m1201.obj,6769
Jet,m1202.obj,688
Jet,m1204.obj,277
Jet,m1205.obj,369
Jet,m1207.obj,412
Jet,m1208.obj,308
Jet,m1209.obj,244
Jet,m1210.obj,577
Jet,m1211.obj,486
Jet,m1212.obj,1173
Jet,m1213.obj,254
Jet,m1214.obj,887
Jet,m1215.obj,162
Jet,m1216.obj,879
Jet,m1217.obj,305
Jet,m1218.obj,274
Jet,m1219.obj,185
Jet,m1220.obj,437
Jet,m1221.obj,372
Jet,m1222.obj,332
Jet,m1223.obj,1117
Jet,m1224.obj,559
Jet,m1225.obj,183
Jet,m1226.obj,161
Jet,m1227.obj,265
Jet,m1228.obj,329
Jet,m1229.obj,3388
Jet,m1230.obj,2360
Jet,m1231.obj,79
Jet,m1232.obj,203
Jet,m1233.obj,233
Jet,m1234.obj,236
Jet,m1235.obj,193
Jet,m1236.obj,396
Jet,m1237.obj,212
Jet,m1238.obj,196
Jet,m1239.obj,428
Jet,m1240.obj,182
Jet,m1241.obj,480
Jet,m1242.obj,380
Jet,m1243.obj,282
Jet,m1245.obj,215
Jet,m1246.obj,366
Jet,m1247.obj,777
Jet,m1248.obj,296
Jet,m1249.obj,310
Jet,m1250.obj,2539
Jet,m1251.obj,1198
Jet,m1252.obj,3072
Jet,m1253.obj,348
Jet,m1255.obj,3167
Jet,m1256.obj,9398
Jet,m1257.obj,8812
Jet,m1258.obj,2178
Jet,m1259.obj,6769
Jet,m1260.obj,6906
Jet,m1261.obj,431
Jet,m1262.obj,646
Jet,m1263.obj,1244
Jet,m1264.obj,1144
Jet,m1265.obj,423
Jet,m1266.obj,3408
Jet,m1267.obj,230
Jet,m1268.obj,240
Jet,m1269.obj,230
Jet,m1270.obj,295
Jet,m1271.obj,328
Jet,m1273.obj,475
Jet,m1274.obj,426
Jet,m1275.obj,204
Jet,m1276.obj,236
Jet,m1277.obj,2239
Jet,m1278.obj,2304
Jet,m1279.obj,734
Jet,m1280.obj,249
Jet,m1281.obj,415
Jet,m1282.obj,368
Jet,m1283.obj,275
Jet,m1284.obj,6334
Jet,m1285.obj,802
Jet,m1286.obj,334
Jet,m1287.obj,714
Jet,m1288.obj,1502
Jet,m1289.obj,5078
Jet,m1290.obj,279
Jet,m1291.obj,272
Jet,m1292.obj,2911
Jet,m1293.obj,906
Jet,m1294.obj,257
Jet,m1295.obj,204
Jet,m1296.obj,250
Jet,m1297.obj,640
Jet,m1298.obj,301
Jet,m1299.obj,210
Jet,m1300.obj,39
Jet,m1301.obj,74
Knife,D01015.obj,886
Knife,D01025.obj,208
Knife,D01032.obj,560
Knife,D01051.obj,683
Knife,D01054.obj,130
Knife,D01057.obj,184
Knife,D01063.obj,885
Knife,D01075.obj,726
Knife,D01077.obj,334
Knife,D01107.obj,976
Knife,D01119.obj,113
Knife,D01120.obj,132
Knife,D01132.obj,1058
Knife,D01150.obj,287
Knife,D01160.obj,270
Knife,D01168.obj,692
Knife,D01174.obj,808
Knife,D01175.obj,87
Knife,D01187.obj,422
Knife,D01189.obj,131
Knife,m722.obj,812
Knife,m723.obj,5076
Knife,m724.obj,262
Knife,m725.obj,262
Knife,m726.obj,417
Knife,m727.obj,681
Knife,m728.obj,463
MilitaryVehicle,D00017.obj,27719
MilitaryVehicle,D00051.obj,855
MilitaryVehicle,D00100.obj,3225
MilitaryVehicle,D00173.obj,17299
MilitaryVehicle,D00272.obj,15903
MilitaryVehicle,D00334.obj,20392
MilitaryVehicle,D00458.obj,17962
MilitaryVehicle,D00529.obj,38226
MilitaryVehicle,D00577.obj,25763
MilitaryVehicle,D00611.obj,2625
MilitaryVehicle,D00723.obj,16287
MilitaryVehicle,D00761.obj,7768
MilitaryVehicle,D00778.obj,4449
MilitaryVehicle,D00799.obj,719
MilitaryVehicle,D00801.obj,38911
MilitaryVehicle,D00918.obj,13914
MilitaryVehicle,D00932.obj,10050
MilitaryVehicle,D00933.obj,13652
MilitaryVehicle,D00952.obj,11929
MilitaryVehicle,D00971.obj,7344
Monitor,D00007.obj,1552
Monitor,D00141.obj,1712
Monitor,D00229.obj,2929
Monitor,D00336.obj,9494
Monitor,D00339.obj,1396
Monitor,D00364.obj,14887
Monitor,D00387.obj,20399
Monitor,D00391.obj,1812
Monitor,D00412.obj,3149
Monitor,D00444.obj,10283
Monitor,D00469.obj,230
Monitor,D00548.obj,464
Monitor,D00659.obj,171
Monitor,D00852.obj,6196
Monitor,D00863.obj,21122
Monitor,D00915.obj,5124
Monitor,D00919.obj,1551
Monitor,D00920.obj,1315
Monitor,D00978.obj,16566
Monitor,D01000.obj,29914
Monoplane,D00011.obj,597
Monoplane,D00019.obj,837
Monoplane,D00043.obj,338
Monoplane,D00098.obj,238
Monoplane,D00167.obj,593
Monoplane,D00169.obj,2983
Monoplane,D00262.obj,524
Monoplane,D00301.obj,1264
Monoplane,D00304.obj,1521
Monoplane,D00319.obj,1066
Monoplane,D00402.obj,393
Monoplane,D00482.obj,1672
Monoplane,D00617.obj,7440
Monoplane,D00688.obj,5849
Monoplane,D00798.obj,2337
Monoplane,D00840.obj,2512
Monoplane,D00864.obj,627
Monoplane,D00925.obj,713
Monoplane,D00963.obj,790
Monoplane,D00995.obj,586
Motorcycle,D00021.obj,9543
Motorcycle,D00039.obj,18315
Motorcycle,D00054.obj,5300
Motorcycle,D00224.obj,3920
Motorcycle,D00269.obj,3061
Motorcycle,D00288.obj,6697
Motorcycle,D00342.obj,35829
Motorcycle,D00345.obj,18397
Motorcycle,D00395.obj,7334
Motorcycle,D00396.obj,3397
Motorcycle,D00476.obj,25632
Motorcycle,D00521.obj,16542
Motorcycle,D00544.obj,12097
Motorcycle,D00594.obj,12312
Motorcycle,D00703.obj,46694
Motorcycle,D00768.obj,9288
Motorcycle,D00858.obj,25404
Motorcycle,D00880.obj,5713
Motorcycle,D00886.obj,15288
Motorcycle,D00945.obj,4481
Motorcycle,m1479.obj,12097
Motorcycle,m1480.obj,9543
Motorcycle,m1481.obj,547
Motorcycle,m1482.obj,15291
Motorcycle,m1483.obj,46407
Motorcycle,m1484.obj,118
Mug,D00172.obj,1800
Mug,D00202.obj,37360
Mug,D00227.obj,19611
Mug,D00321.obj,773
Mug,D00341.obj,7454
Mug,D00372.obj,785
Mug,D00427.obj,5682
Mug,D00684.obj,1723
Mug,D00685.obj,5703
Mug,D00705.obj,4158
Mug,D00728.obj,9616
Mug,D00745.obj,3238
Mug,D00747.obj,15266
Mug,D00760.obj,3266
Mug,D00770.obj,3300
Mug,D00825.obj,1166
Mug,D00833.obj,2021
Mug,D00908.obj,1404
Mug,D00913.obj,7135
Mug,D00923.obj,738
Mug,m503.obj,799
Mug,m504.obj,1725
Mug,m506.obj,8692
Mug,m507.obj,3330
Mug,m508.obj,998
Mug,m509.obj,5894
MultiSeat,D00036.obj,144
MultiSeat,D00046.obj,1191
MultiSeat,D00053.obj,3214
MultiSeat,D00145.obj,168
MultiSeat,D00146.obj,21992
MultiSeat,D00237.obj,1940
MultiSeat,D00245.obj,1672
MultiSeat,D00263.obj,41265
MultiSeat,D00273.obj,27775
MultiSeat,D00285.obj,3770
MultiSeat,D00289.obj,12463
MultiSeat,D00329.obj,540
MultiSeat,D00586.obj,3922
MultiSeat,D00588.obj,307
MultiSeat,D00607.obj,3156
MultiSeat,D00637.obj,7542
MultiSeat,D00648.obj,15181
MultiSeat,D00652.obj,4607
MultiSeat,D00749.obj,32736
MultiSeat,D00985.obj,10614
MultiSeat,m774.obj,264
MultiSeat,m775.obj,545
MultiSeat,m776.obj,880
MultiSeat,m777.obj,1051
MultiSeat,m778.obj,46
MultiSeat,m779.obj,660
MultiSeat,m780.obj,312
MultiSeat,m781.obj,352
MultiSeat,m782.obj,40
MultiSeat,m783.obj,66
MultiSeat,m784.obj,24
MultiSeat,m829.obj,540
MultiSeat,m830.obj,238
MultiSeat,m831.obj,448
MultiSeat,m832.obj,1970
MultiSeat,m833.obj,350
MultiSeat,m834.obj,164
MultiSeat,m835.obj,257
MultiSeat,m836.obj,28
MultiSeat,m837.obj,15969
MultiSeat,m838.obj,2162
MultiSeat,m839.obj,540
MultiSeat,m840.obj,94
MultiSeat,m841.obj,36
MultiSeat,m843.obj,8085
Musical_Instrument,m625.obj,3655
Musical_Instrument,m626.obj,4500
Musical_Instrument,m627.obj,7445
Musical_Instrument,m628.obj,10314
Musical_Instrument,m629.obj,8225
Musical_Instrument,m630.obj,4694
Musical_Instrument,m631.obj,47076
Musical_Instrument,m632.obj,1033
Musical_Instrument,m633.obj,524
Musical_Instrument,m634.obj,1372
Musical_Instrument,m635.obj,13705
Musical_Instrument,m637.obj,8636
Musical_Instrument,m638.obj,3884
Musical_Instrument,m639.obj,23238
Musical_Instrument,m640.obj,3712
Musical_Instrument,m641.obj,1864
Musical_Instrument,m643.obj,1331
Musical_Instrument,m644.obj,20116
Musical_Instrument,m645.obj,362
Musical_Instrument,m646.obj,227
Musical_Instrument,m647.obj,3645
NonWheelChair,D00037.obj,2936
NonWheelChair,D00101.obj,10766
NonWheelChair,D00170.obj,678
NonWheelChair,D00185.obj,261
NonWheelChair,D00240.obj,1474
NonWheelChair,D00306.obj,5160
NonWheelChair,D00357.obj,10676
NonWheelChair,D00419.obj,20239
NonWheelChair,D00443.obj,10328
NonWheelChair,D00445.obj,1882
NonWheelChair,D00480.obj,5063
NonWheelChair,D00481.obj,932
NonWheelChair,D00512.obj,345
NonWheelChair,D00694.obj,730
NonWheelChair,D00707.obj,2921
NonWheelChair,D00741.obj,4133
NonWheelChair,D00853.obj,3512
NonWheelChair,D00914.obj,1931
NonWheelChair,D00928.obj,2006
NonWheelChair,D00936.obj,3120
NonWheelChair,m785.obj,960
NonWheelChair,m786.obj,641
NonWheelChair,m787.obj,1373
NonWheelChair,m788.obj,320
NonWheelChair,m789.obj,2446
NonWheelChair,m790.obj,2912
NonWheelChair,m791.obj,2288
NonWheelChair,m793.obj,81
NonWheelChair,m794.obj,678
NonWheelChair,m795.obj,3018
NonWheelChair,m796.obj,12172
NonWheelChair,m797.obj,867
NonWheelChair,m798.obj,369
NonWheelChair,m799.obj,938
NonWheelChair,m800.obj,116
NonWheelChair,m801.obj,8188
NonWheelChair,m804.obj,326
NonWheelChair,m805.obj,151
NonWheelChair,m806.obj,472
NonWheelChair,m807.obj,104
NonWheelChair,m808.obj,842
NonWheelChair,m809.obj,120
NonWheelChair,m810.obj,775
NonWheelChair,m811.obj,257
NonWheelChair,m812.obj,257
NonWheelChair,m813.obj,257
NonWheelChair,m814.obj,341
NonWheelChair,m815.obj,341
NonWheelChair,m816.obj,341
NonWheelChair,m817.obj,368
NonWheelChair,m818.obj,76
NonWheelChair,m819.obj,398
NonWheelChair,m820.obj,132
NonWheelChair,m821.obj,349
NonWheelChair,m822.obj,967
NonWheelChair,m823.obj,440
NonWheelChair,m824.obj,678
NonWheelChair,m826.obj,600
NonWheelChair,m827.obj,88
NonWheelChair,m828.obj,713
PianoBoard,D00008.obj,2078
PianoBoard,D00065.obj,1178
PianoBoard,D00075.obj,1309
PianoBoard,D00104.obj,1281
PianoBoard,D00122.obj,1934
PianoBoard,D00181.obj,9628
PianoBoard,D00212.obj,3238
PianoBoard,D00235.obj,1616
PianoBoard,D00253.obj,719
PianoBoard,D00332.obj,454
PianoBoard,D00381.obj,735
PianoBoard,D00441.obj,538
PianoBoard,D00460.obj,754
PianoBoard,D00623.obj,5694
PianoBoard,D00718.obj,797
PianoBoard,D00721.obj,1228
PianoBoard,D00755.obj,8133
PianoBoard,D00885.obj,6622
PianoBoard,D00962.obj,793
PianoBoard,D00966.obj,2105
PlantIndoors,D00049.obj,78288
PlantIndoors,D00073.obj,49944
PlantIndoors,D00080.obj,64127
PlantIndoors,D00087.obj,3855
PlantIndoors,D00128.obj,64866
PlantIndoors,D00159.obj,98256
PlantIndoors,D00238.obj,90234
PlantIndoors,D00280.obj,32742
PlantIndoors,D00370.obj,26784
PlantIndoors,D00379.obj,31824
PlantIndoors,D00466.obj,9900
PlantIndoors,D00491.obj,20165
PlantIndoors,D00595.obj,60624
PlantIndoors,D00609.obj,32382
PlantIndoors,D00622.obj,60282
PlantIndoors,D00624.obj,45486
PlantIndoors,D00657.obj,5801
PlantIndoors,D00667.obj,1523
PlantIndoors,D00800.obj,52263
PlantIndoors,D00968.obj,34812
PlantIndoors,m1000.obj,19105
PlantIndoors,m1001.obj,11431
PlantIndoors,m1002.obj,8260
PlantIndoors,m1003.obj,8453
PlantIndoors,m1004.obj,13242
PlantIndoors,m1005.obj,17834
PlantIndoors,m1006.obj,16333
PlantIndoors,m1007.obj,7930
PlantIndoors,m1008.obj,5383
PlantIndoors,m1009.obj,5348
PlantIndoors,m1010.obj,6257
PlantIndoors,m1011.obj,7529
PlantIndoors,m1012.obj,2950
PlantIndoors,m1013.obj,6365
PlantIndoors,m1014.obj,16404
PlantIndoors,m1015.obj,1325
PlantIndoors,m1016.obj,5307
PlantIndoors,m1017.obj,13312
PlantIndoors,m1018.obj,11666
PlantIndoors,m1020.obj,18348
PlantIndoors,m1021.obj,7641
PlantIndoors,m1022.obj,7882
PlantIndoors,m1023.obj,2659
PlantIndoors,m1025.obj,6696
PlantIndoors,m1026.obj,1522
PlantIndoors,m1027.obj,3855
PlantIndoors,m1029.obj,316
PlantIndoors,m1030.obj,395
PlantIndoors,m1031.obj,729
PlantIndoors,m1032.obj,96
PlantIndoors,m1033.obj,197
PlantIndoors,m1034.obj,228
PlantIndoors,m1035.obj,1787
PlantIndoors,m1036.obj,234
PlantIndoors,m989.obj,1027
PlantIndoors,m990.obj,491
PlantIndoors,m991.obj,4867
PlantIndoors,m992.obj,491
PlantIndoors,m993.obj,220
PlantIndoors,m994.obj,395
PlantIndoors,m995.obj,7323
PlantIndoors,m996.obj,623
PlantIndoors,m997.obj,695
PlantIndoors,m998.obj,318
PlantIndoors,m999.obj,1235
PlantWildNonTree,m1052.obj,342
PlantWildNonTree,m961.obj,6513
PlantWildNonTree,m962.obj,15136
PlantWildNonTree,m963.obj,11548
PlantWildNonTree,m964.obj,13950
PlantWildNonTree,m965.obj,13871
PlantWildNonTree,m966.obj,7920
PlantWildNonTree,m967.obj,12982
PlantWildNonTree,m968.obj,9018
PlantWildNonTree,m971.obj,3962
PlantWildNonTree,m972.obj,16197
PlantWildNonTree,m973.obj,15492
PlantWildNonTree,m974.obj,379
PlantWildNonTree,m975.obj,241
PlantWildNonTree,m976.obj,1272
PlantWildNonTree,m977.obj,1548
PlantWildNonTree,m978.obj,3411
PlantWildNonTree,m979.obj,1236
PlantWildNonTree,m980.obj,8937
PlantWildNonTree,m981.obj,927
PlantWildNonTree,m982.obj,332
PlantWildNonTree,m983.obj,70
PlantWildNonTree,m984.obj,849
PlantWildNonTree,m985.obj,50833
PlantWildNonTree,m986.obj,6656
PlantWildNonTree,m987.obj,850
PlantWildNonTree,m988.obj,3093
Quadruped,D00111.obj,2315
Quadruped,D00150.obj,24936
Quadruped,D00218.obj,3666
Quadruped,D00226.obj,2949
Quadruped,D00261.obj,3093
Quadruped,D00326.obj,3077
Quadruped,D00380.obj,505
Quadruped,D00409.obj,12515
Quadruped,D00508.obj,11910
Quadruped,D00509.obj,8159
Quadruped,D00583.obj,20126
Quadruped,D00663.obj,12046
Quadruped,D00700.obj,9174
Quadruped,D00757.obj,3240
Quadruped,D00794.obj,8184
Quadruped,D00795.obj,13081
Quadruped,D00831.obj,1614
Quadruped,D00841.obj,2100
Quadruped,D00867.obj,7873
Quadruped,D00934.obj,1971
Quadruped,m100.obj,606
Quadruped,m101.obj,1143
Quadruped,m102.obj,127
Quadruped,m103.obj,16049
Quadruped,m104.obj,233
Quadruped,m105.obj,146
Quadruped,m106.obj,346
Quadruped,m107.obj,3051
Quadruped,m108.obj,11105
Quadruped,m109.obj,1288
Quadruped,m110.obj,453
Quadruped,m111.obj,1238
Quadruped,m112.obj,7691
Quadruped,m273.obj,485
Quadruped,m274.obj,23984
Quadruped,m275.obj,20586
Quadruped,m276.obj,2309
Quadruped,m277.obj,445
Quadruped,m278.obj,359
Quadruped,m279.obj,275
Quadruped,m280.obj,2894
Quadruped,m281.obj,10119
Quadruped,m282.obj,1848
Quadruped,m86.obj,176
Quadruped,m87.obj,691
Quadruped,m88.obj,1618
Quadruped,m89.obj,12515
Quadruped,m90.obj,1783
Quadruped,m91.obj,1614
Quadruped,m92.obj,1971
Quadruped,m93.obj,278
Quadruped,m94.obj,3332
Quadruped,m95.obj,956
Quadruped,m96.obj,5169
Quadruped,m97.obj,3601
Quadruped,m98.obj,4195
Quadruped,m99.obj,1450
RectangleTable,D00134.obj,224
RectangleTable,D00187.obj,2136
RectangleTable,D00188.obj,240
RectangleTable,D00230.obj,3713
RectangleTable,D00243.obj,1066
RectangleTable,D00295.obj,190
RectangleTable,D00302.obj,134
RectangleTable,D00317.obj,1042
RectangleTable,D00418.obj,2003
RectangleTable,D00421.obj,99
RectangleTable,D00505.obj,189
RectangleTable,D00523.obj,12600
RectangleTable,D00530.obj,210
RectangleTable,D00571.obj,1245
RectangleTable,D00603.obj,7282
RectangleTable,D00678.obj,1768
RectangleTable,D00714.obj,672
RectangleTable,D00766.obj,2973
RectangleTable,D00944.obj,1016
RectangleTable,D00954.obj,652
RectangleTable,m763.obj,116
RectangleTable,m764.obj,72
RectangleTable,m765.obj,1005
RectangleTable,m870.obj,48
RectangleTable,m871.obj,60
RectangleTable,m872.obj,2229
RectangleTable,m873.obj,679
RectangleTable,m874.obj,68
RectangleTable,m875.obj,528
RectangleTable,m876.obj,44
RectangleTable,m877.obj,56
RectangleTable,m878.obj,320
RectangleTable,m879.obj,276
RectangleTable,m881.obj,60
RectangleTable,m882.obj,598
RectangleTable,m883.obj,96
RectangleTable,m886.obj,996
RectangleTable,m887.obj,340
RectangleTable,m888.obj,36
RectangleTable,m889.obj,511
RectangleTable,m890.obj,508
RectangleTable,m891.obj,190
RectangleTable,m892.obj,174
RectangleTable,m893.obj,184
RectangleTable,m894.obj,80
RectangleTable,m895.obj,80
RectangleTable,m896.obj,144
RectangleTable,m897.obj,128
RectangleTable,m898.obj,288
RectangleTable,m901.obj,190
RectangleTable,m902.obj,198
RectangleTable,m904.obj,128
RectangleTable,m905.obj,48
RectangleTable,m906.obj,178
RectangleTable,m907.obj,158
RectangleTable,m908.obj,288
RectangleTable,m910.obj,352
RectangleTable,m912.obj,36
RectangleTable,m913.obj,104
RectangleTable,m914.obj,576
RectangleTable,m915.obj,40
RectangleTable,m917.obj,96
RectangleTable,m919.obj,78
RectangleTable,m920.obj,426
Rocket,D00015.obj,88
Rocket,D00343.obj,1053
Rocket,D00346.obj,1508
Rocket,D00354.obj,3242
Rocket,D00426.obj,36
Rocket,D00428.obj,1175
Rocket,D00433.obj,170
Rocket,D00437.obj,1810
Rocket,D00472.obj,93
Rocket,D00485.obj,2101
Rocket,D00528.obj,204
Rocket,D00564.obj,73398
Rocket,D00585.obj,1014
Rocket,D00614.obj,161
Rocket,D00697.obj,217
Rocket,D00719.obj,7915
Rocket,D00764.obj,250
Rocket,D00851.obj,1175
Rocket,D00942.obj,186
Rocket,D00975.obj,46038
RoundTable,D00083.obj,1072
RoundTable,D00094.obj,12414
RoundTable,D00107.obj,356
RoundTable,D00194.obj,371
RoundTable,D00344.obj,136
RoundTable,D00401.obj,355
RoundTable,D00407.obj,215
RoundTable,D00492.obj,13002
RoundTable,D00501.obj,744
RoundTable,D00503.obj,1706
RoundTable,D00524.obj,1141
RoundTable,D00581.obj,4126
RoundTable,D00646.obj,1921
RoundTable,D00649.obj,2136
RoundTable,D00702.obj,6647
RoundTable,D00756.obj,837
RoundTable,D00827.obj,1732
RoundTable,D00866.obj,288
RoundTable,D00909.obj,1238
RoundTable,D00948.obj,1740
RoundTable,m921.obj,1921
RoundTable,m922.obj,54
RoundTable,m923.obj,201
RoundTable,m924.obj,215
RoundTable,m925.obj,216
RoundTable,m926.obj,218
RoundTable,m927.obj,201
RoundTable,m928.obj,463
RoundTable,m929.obj,444
RoundTable,m930.obj,501
RoundTable,m931.obj,54
RoundTable,m932.obj,10889
RoundTable,m933.obj,55
RoundTable,m934.obj,148
RoundTable,m935.obj,128
RoundTable,m937.obj,72
RoundTable,m938.obj,422
Shelf,D00057.obj,9850
Shelf,D00074.obj,1903
Shelf,D00129.obj,1207
Shelf,D00171.obj,1505
Shelf,D00198.obj,2064
Shelf,D00242.obj,1874
Shelf,D00337.obj,1628
Shelf,D00352.obj,129
Shelf,D00468.obj,960
Shelf,D00592.obj,74
Shelf,D00631.obj,6295
Shelf,D00691.obj,5210
Shelf,D00725.obj,5831
Shelf,D00772.obj,202
Shelf,D00781.obj,4773
Shelf,D00818.obj,1872
Shelf,D00881.obj,249
Shelf,D00887.obj,261
Shelf,D00917.obj,2452
Shelf,D00956.obj,122
Shelf,m844.obj,200
Shelf,m845.obj,60
Shelf,m846.obj,1101
Shelf,m847.obj,158
Shelf,m849.obj,128
Shelf,m850.obj,184
Shelf,m851.obj,68
Shelf,m852.obj,104
Shelf,m853.obj,100
Shelf,m854.obj,96
Shelf,m855.obj,46
Shelf,m856.obj,64
Shelf,m857.obj,112
Shelf,m858.obj,48
Shelf,m859.obj,2556
Shelf,m860.obj,56
Shelf,m861.obj,150
Shelf,m862.obj,544
Shelf,m863.obj,289
Shelf,m864.obj,323
Shelf,m865.obj,255
Shelf,m866.obj,221
Shelf,m868.obj,112
Ship,D00027.obj,4202
Ship,D00042.obj,2275
Ship,D00099.obj,374
Ship,D00175.obj,13725
Ship,D00247.obj,6122
Ship,D00258.obj,9284
Ship,D00292.obj,4340
Ship,D00429.obj,19361
Ship,D00467.obj,5062
Ship,D00539.obj,23858
Ship,D00543.obj,7537
Ship,D00647.obj,1713
Ship,D00771.obj,33376
Ship,D00791.obj,4200
Ship,D00809.obj,40714
Ship,D00837.obj,6122
Ship,D00896.obj,4991
Ship,D00907.obj,21442
Ship,D00935.obj,124
Ship,D00949.obj,2547
Ship,m1427.obj,757
Ship,m1428.obj,817
Ship,m1429.obj,749
Ship,m1430.obj,774
Ship,m1431.obj,674
Ship,m1432.obj,573
Ship,m1433.obj,926
Ship,m1434.obj,600
Ship,m1435.obj,4241
Ship,m1436.obj,1704
Ship,m1437.obj,658
Ship,m1438.obj,1309
Ship,m1439.obj,428
Ship,m1440.obj,4230
Ship,m1441.obj,3153
Ship,m1442.obj,6859
Ship,m1444.obj,6251
Ship,m1446.obj,6122
Ship,m1447.obj,3189
Ship,m1448.obj,182
Ship,m1449.obj,330
Ship,m1450.obj,98
Ship,m1451.obj,775
Ship,m1452.obj,776
Ship,m1453.obj,7994
Ship,m1454.obj,325
Ship,m1455.obj,314
Ship,m1456.obj,497
Ship,m1457.obj,2333
Ship,m1458.obj,2509
Ship,m1459.obj,331
Ship,m1460.obj,4892
Ship,m1461.obj,12526
Ship,m1462.obj,4916
Ship,m1463.obj,629
Ship,m1464.obj,2873
Ship,m1465.obj,6923
Ship,m1466.obj,9736
Ship,m1467.obj,574
Ship,m1468.obj,467
Ship,m1469.obj,1724
Ship,m1470.obj,145
Ship,m1471.obj,2511
Sign,m1670.obj,221
Sign,m1671.obj,119
Sign,m1672.obj,231
Sign,m1673.obj,80
Sign,m1674.obj,50
Sign,m1675.obj,40
Sign,m1676.obj,4031
Sign,m1678.obj,642
Sign,m1679.obj,417
Sign,m1680.obj,360
Sign,m1681.obj,6540
Sign,m1682.obj,4492
Sign,m1683.obj,3000
Sign,m1684.obj,44
Sign,m1685.obj,760
Skyscraper,D00006.obj,48737
Skyscraper,D00058.obj,73697
Skyscraper,D00059.obj,12771
Skyscraper,D00105.obj,8334
Skyscraper,D00125.obj,18704
Skyscraper,D00126.obj,39975
Skyscraper,D00130.obj,1036
Skyscraper,D00259.obj,50449
Skyscraper,D00300.obj,6372
Skyscraper,D00520.obj,51730
Skyscraper,D00532.obj,19283
Skyscraper,D00584.obj,28864
Skyscraper,D00589.obj,6372
Skyscraper,D00641.obj,3299
Skyscraper,D00664.obj,10076
Skyscraper,D00729.obj,51011
Skyscraper,D00822.obj,10054
Skyscraper,D00870.obj,65343
Skyscraper,D00872.obj,365
Skyscraper,D00998.obj,4708
Spoon,D00014.obj,748
Spoon,D00085.obj,575
Spoon,D00144.obj,243
Spoon,D00157.obj,386
Spoon,D00196.obj,1512
Spoon,D00338.obj,481
Spoon,D00422.obj,109
Spoon,D00474.obj,72
Spoon,D00497.obj,144
Spoon,D00517.obj,487
Spoon,D00562.obj,4958
Spoon,D00593.obj,144
Spoon,D00661.obj,1848
Spoon,D00669.obj,556
Spoon,D00674.obj,173
Spoon,D00683.obj,5039
Spoon,D00790.obj,284
Spoon,D00842.obj,291
Spoon,D00927.obj,910
Spoon,D00964.obj,211
Starship,m1353.obj,2124
Starship,m1354.obj,5724
Starship,m1355.obj,7730
Starship,m1356.obj,1946
Starship,m1357.obj,9664
Starship,m1358.obj,1196
Starship,m1359.obj,265
Starship,m1360.obj,2904
Starship,m1361.obj,1038
Starship,m1362.obj,13685
Starship,m1364.obj,9018
Starship,m1365.obj,718
Starship,m1366.obj,568
Starship,m1368.obj,31275
Starship,m1369.obj,1004
Starship,m1370.obj,1748
Starship,m1371.obj,1558
Starship,m1372.obj,3366
Starship,m1373.obj,6098
Starship,m1374.obj,8080
Starship,m1375.obj,1694
Starship,m1376.obj,467
Starship,m1378.obj,2059
Starship,m1379.obj,1018
Starship,m1380.obj,11926
Starship,m1381.obj,14225
Starship,m1382.obj,7006
Starship,m1383.obj,8722
Starship,m1384.obj,3820
Starship,m1385.obj,11132
Starship,m1386.obj,1707
SubmachineGun,D00052.obj,2258
SubmachineGun,D00060.obj,577
SubmachineGun,D00062.obj,2291
SubmachineGun,D00064.obj,6530
SubmachineGun,D00068.obj,19423
SubmachineGun,D00119.obj,11791
SubmachineGun,D00219.obj,1520
SubmachineGun,D00256.obj,760
SubmachineGun,D00371.obj,18170
SubmachineGun,D00384.obj,1806
SubmachineGun,D00431.obj,1783
SubmachineGun,D00459.obj,24710
SubmachineGun,D00489.obj,1434
SubmachineGun,D00537.obj,3629
SubmachineGun,D00613.obj,1424
SubmachineGun,D00733.obj,4970
SubmachineGun,D00878.obj,2027
SubmachineGun,D00893.obj,170
SubmachineGun,D00960.obj,182
SubmachineGun,D00970.obj,451
Sword,D00066.obj,18993
Sword,D00071.obj,10920
Sword,D00133.obj,13257
Sword,D00149.obj,190
Sword,D00162.obj,1150
Sword,D00177.obj,5076
Sword,D00195.obj,1429
Sword,D00249.obj,15478
Sword,D00356.obj,5012
Sword,D00484.obj,6873
Sword,D00513.obj,4136
Sword,D00540.obj,8181
Sword,D00635.obj,725
Sword,D00712.obj,327
Sword,D00807.obj,176
Sword,D00808.obj,1787
Sword,D00812.obj,3694
Sword,D00906.obj,14621
Sword,D00916.obj,2993
Sword,D00992.obj,5872
Sword,m687.obj,800
Sword,m688.obj,1977
Sword,m689.obj,178
Sword,m690.obj,180
Sword,m691.obj,8583
Sword,m692.obj,3694
Sword,m693.obj,196
Sword,m694.obj,2903
Sword,m695.obj,9880
Sword,m696.obj,5548
Sword,m697.obj,526
Sword,m698.obj,3949
Sword,m699.obj,557
Sword,m700.obj,800
Sword,m701.obj,960
Sword,m702.obj,1005
Sword,m703.obj,588
Sword,m704.obj,408
Sword,m705.obj,7910
Sword,m707.obj,4325
Sword,m709.obj,6598
Sword,m710.obj,10936
Sword,m711.obj,9457
Sword,m712.obj,4890
Sword,m713.obj,1023
Sword,m714.obj,526
Sword,m715.obj,5548
Sword,m716.obj,4757
Sword,m717.obj,18888
Sword,m718.obj,361
Sword,m719.obj,624
Sword,m720.obj,318
Sword,m721.obj,275
Tool,D01003.obj,3963
Tool,D01012.obj,4463
Tool,D01040.obj,4794
Tool,D01044.obj,5201
Tool,D01069.obj,6198
Tool,D01084.obj,4491
Tool,D01086.obj,3804
Tool,D01111.obj,4284
Tool,D01113.obj,4407
Tool,D01127.obj,6104
Tool,D01131.obj,4487
Tool,D01140.obj,3906
Tool,D01142.obj,5110
Tool,D01148.obj,4478
Tool,D01152.obj,3942
Tool,D01154.obj,5202
Tool,D01156.obj,5508
Tool,D01159.obj,4478
Tool,D01165.obj,4457
Tool,D01176.obj,4298
Tool,m1099.obj,302
Tool,m1100.obj,232
Tool,m1101.obj,135
Tool,m1102.obj,24
Tool,m1103.obj,199
Tool,m1104.obj,362
Tool,m1105.obj,1550
Tool,m1106.obj,1902
Tool,m1107.obj,1116
Tool,m1108.obj,2186
Tool,m1109.obj,1490
Tool,m1110.obj,850
Tool,m1111.obj,523
Tool,m1112.obj,316
Tool,m1113.obj,2042
Tool,m1114.obj,1344
Tool,m1115.obj,1327
Tool,m1116.obj,1155
Tool,m1117.obj,1720
Tool,m587.obj,4129
Tool,m588.obj,3353
Tool,m589.obj,2354
Tool,m590.obj,4461
Tool,m591.obj,3185
Train,D01008.obj,4469
Train,D01014.obj,4274
Train,D01016.obj,7754
Train,D01027.obj,4906
Train,D01031.obj,1257
Train,D01035.obj,3142
Train,D01047.obj,5450
Train,D01055.obj,10979
Train,D01059.obj,7243
Train,D01061.obj,6494
Train,D01064.obj,5037
Train,D01089.obj,4390
Train,D01094.obj,454
Train,D01095.obj,6385
Train,D01134.obj,8721
Train,D01137.obj,6422
Train,D01147.obj,2424
Train,D01149.obj,8616
Train,D01163.obj,4522
Train,D01180.obj,13612
Train,m1578.obj,333
Train,m1580.obj,1400
Train,m1581.obj,11299
Train,m1582.obj,8239
Train,m1583.obj,309
Train,m1584.obj,174
Train,m1585.obj,5303
Train,m1586.obj,5520
Train,m1587.obj,4658
Train,m1588.obj,4400
Tree,D00096.obj,54223
Tree,D00200.obj,19368
Tree,D00221.obj,49630
Tree,D00223.obj,58864
Tree,D00367.obj,2903
Tree,D00385.obj,12534
Tree,D00393.obj,49528
Tree,D00439.obj,36902
Tree,D00456.obj,1936
Tree,D00479.obj,28407
Tree,D00533.obj,31972
Tree,D00573.obj,23696
Tree,D00612.obj,11385
Tree,D00727.obj,56409
Tree,D00765.obj,41501
Tree,D00777.obj,21856
Tree,D00810.obj,29528
Tree,D00834.obj,52078
Tree,D00911.obj,58369
Tree,D00996.obj,29340
Tree,m1050.obj,5410
Tree,m1062.obj,334
Tree,m1063.obj,470
Tree,m1064.obj,2681
Tree,m1065.obj,3007
Tree,m1066.obj,1904
Tree,m1067.obj,1058
Tree,m1068.obj,1366
Tree,m1069.obj,18418
Tree,m1070.obj,1194
Tree,m1071.obj,1086
Tree,m1072.obj,1356
Tree,m1075.obj,574
Tree,m1077.obj,832
Tree,m1078.obj,724
Tree,m1079.obj,155
Tree,m1082.obj,82
Tree,m1086.obj,6247
Tree,m1089.obj,170
Tree,m1090.obj,5482
Tree,m1091.obj,2457
Tree,m1092.obj,337
Tree,m1093.obj,1197
Tree,m1095.obj,1303
Tree,m1096.obj,835
Tree,m1097.obj,35
Tree,m1098.obj,3441
Truck,D00002.obj,482
Truck,D00003.obj,6683
Truck,D00010.obj,6939
Truck,D00029.obj,5209
Truck,D00047.obj,3644
Truck,D00056.obj,4148
Truck,D00112.obj,7853
Truck,D00158.obj,8315
Truck,D00241.obj,1162
Truck,D00287.obj,5290
Truck,D00303.obj,8955
Truck,D00331.obj,4990
Truck,D00406.obj,1419
Truck,D00424.obj,3725
Truck,D00518.obj,5427
Truck,D00804.obj,6576
Truck,D00835.obj,11749
Truck,D00926.obj,5602
Truck,D00947.obj,2530
Truck,D00987.obj,13228
Truck,m1570.obj,1445
Truck,m1571.obj,12792
Truck,m1572.obj,9614
Truck,m1573.obj,1461
Truck,m1574.obj,3780
Truck,m1575.obj,47209
Truck,m1576.obj,3519
TruckNonContainer,D00055.obj,7636
TruckNonContainer,D00143.obj,3622
TruckNonContainer,D00148.obj,2448
TruckNonContainer,D00215.obj,4409
TruckNonContainer,D00252.obj,2288
TruckNonContainer,D00266.obj,6898
TruckNonContainer,D00267.obj,6035
TruckNonContainer,D00275.obj,5510
TruckNonContainer,D00283.obj,6979
TruckNonContainer,D00353.obj,11914
TruckNonContainer,D00553.obj,7248
TruckNonContainer,D00572.obj,4657
TruckNonContainer,D00608.obj,7112
TruckNonContainer,D00619.obj,5231
TruckNonContainer,D00699.obj,5071
TruckNonContainer,D00731.obj,4918
TruckNonContainer,D00737.obj,2578
TruckNonContainer,D00783.obj,5246
TruckNonContainer,D00879.obj,4278
TruckNonContainer,D00943.obj,8852
Vase,m527.obj,176
Vase,m528.obj,3128
Vase,m529.obj,1750
Vase,m531.obj,1296
Vase,m532.obj,240
Vase,m533.obj,32
Vase,m534.obj,241
Vase,m535.obj,176
Vase,m536.obj,4578
Vase,m537.obj,504
Vase,m538.obj,301
Vase,m539.obj,2526
Vase,m540.obj,304
Vase,m541.obj,312
Vase,m542.obj,296
Vase,m543.obj,624
Vase,m544.obj,1002
Vase,m545.obj,402
Vase,m546.obj,1002
Vase,m547.obj,529
Violin,D00108.obj,1529
Violin,D00216.obj,3864
Violin,D00250.obj,4066
Violin,D00324.obj,2454
Violin,D00340.obj,4315
Violin,D00349.obj,1299
Violin,D00358.obj,7592
Violin,D00376.obj,1069
Violin,D00506.obj,2841
Violin,D00570.obj,2297
Violin,D00598.obj,6831
Violin,D00602.obj,3627
Violin,D00620.obj,771
Violin,D00675.obj,4149
Violin,D00701.obj,2198
Violin,D00704.obj,799
Violin,D00743.obj,466
Violin,D00891.obj,1959
Violin,D00898.obj,7672
Violin,D00993.obj,7350
Wheel,m733.obj,648
Wheel,m734.obj,1396
Wheel,m735.obj,720
Wheel,m736.obj,504
Wheel,m737.obj,3783
Wheel,m738.obj,413
Wheel,m739.obj,794
Wheel,m740.obj,4352
Wheel,m741.obj,722
Wheel,m742.obj,256
Wheel,m743.obj,512
Wheel,m744.obj,3721
Wheel,m745.obj,830
Wheel,m746.obj,80
Wheel,m747.obj,128
Wheel,m748.obj,1247
Wheel,m749.obj,160
WheelChair,D00004.obj,27581
WheelChair,D00070.obj,8476
WheelChair,D00088.obj,26911
WheelChair,D00183.obj,3475
WheelChair,D00203.obj,867
WheelChair,D00274.obj,2012
WheelChair,D00290.obj,5009
WheelChair,D00365.obj,7244
WheelChair,D00394.obj,36064
WheelChair,D00449.obj,27053
WheelChair,D00453.obj,709
WheelChair,D00499.obj,2362
WheelChair,D00526.obj,679
WheelChair,D00604.obj,986
WheelChair,D00628.obj,29552
WheelChair,D00687.obj,8188
WheelChair,D00720.obj,43966
WheelChair,D00782.obj,1144
WheelChair,D00821.obj,8188
WheelChair,D00846.obj,8834
